CREATE TABLE usuario (
	codigo BIGINT(20) NOT NULL PRIMARY KEY, 
	nome VARCHAR(50) NOT NULL, 
    email VARCHAR(50) NOT NULL, 
    senha VARCHAR(200) NOT NULL
) ENGINE=InnoDB DEFAULT CHARSET=utf8;

CREATE TABLE permissao (
	codigo BIGINT(20) NOT NULL PRIMARY KEY,
    descricao VARCHAR(150) NOT NULL
) ENGINE=InnoDB DEFAULT CHARSET=utf8;

CREATE TABLE usuario_permissao (
	codigo_usuario BIGINT(20) NOT NULL,
    codigo_permissao BIGINT(20) NOT NULL,
    PRIMARY KEY (codigo_usuario, codigo_permissao),
    FOREIGN KEY (codigo_usuario) REFERENCES usuario(codigo),
    FOREIGN KEY (codigo_permissao) REFERENCES permissao(codigo)
) ENGINE=InnoDB DEFAULT CHARSET=utf8;

INSERT INTO usuario (codigo, nome, email, senha) VALUES (1, 'Administrador', 'admin@algamoney.com', '$2a$10$Apqew8U87itp51UTzdJQ1.yXxsV8TScjEF7v31RbnFqIm7PX4Igh6');
INSERT INTO usuario (codigo, nome, email, senha) VALUES (2 ,'Maria Carla', 'maria@gmail.com', '$2a$10$hiK2PkY81sM1AlYVuiZGSOwqoX0PZ6eyei1hCm6Hupwd23RsjStVq');

INSERT INTO permissao (codigo, descricao) values (1, 'ROLE_CADASTRAR_CATEGORIA');
INSERT INTO permissao (codigo, descricao) values (2, 'ROLE_PESQUISAR_CATEGORIA');

INSERT INTO permissao (codigo, descricao) values (3, 'ROLE_CADASTRAR_PESSOA');
INSERT INTO permissao (codigo, descricao) values (4, 'ROLE_REMOVER_PESSOA');
INSERT INTO permissao (codigo, descricao) values (5, 'ROLE_PESQUISAR_PESSOA');

INSERT INTO permissao (codigo, descricao) values (6, 'ROLE_CADASTRAR_LANCAMENTO');
INSERT INTO permissao (codigo, descricao) values (7, 'ROLE_REMOVER_LANCAMENTO');
INSERT INTO permissao (codigo, descricao) values (8, 'ROLE_PESQUISAR_LANCAMENTO');

INSERT INTO usuario_permissao (codigo_usuario, codigo_permissao) VALUES (1, 1);
INSERT INTO usuario_permissao (codigo_usuario, codigo_permissao) VALUES (1, 2);
INSERT INTO usuario_permissao (codigo_usuario, codigo_permissao) VALUES (1, 3);
INSERT INTO usuario_permissao (codigo_usuario, codigo_permissao) VALUES (1, 4);
INSERT INTO usuario_permissao (codigo_usuario, codigo_permissao) VALUES (1, 5);
INSERT INTO usuario_permissao (codigo_usuario, codigo_permissao) VALUES (1, 6);
INSERT INTO usuario_permissao (codigo_usuario, codigo_permissao) VALUES (1, 7);
INSERT INTO usuario_permissao (codigo_usuario, codigo_permissao) VALUES (1, 8);

INSERT INTO usuario_permissao (codigo_usuario, codigo_permissao) VALUES (2, 2);
INSERT INTO usuario_permissao (codigo_usuario, codigo_permissao) VALUES (2, 5);
INSERT INTO usuario_permissao (codigo_usuario, codigo_permissao) VALUES (2, 8);
